	corpus_name	file_name
0	Bach-Suites	BWV806_01_Prélude.tsv
1	Bach-Suites	BWV806_02_Allemande.tsv
2	Bach-Suites	BWV806_03_Courante_I.tsv
3	Bach-Suites	BWV806_04_Courante_II.tsv
4	Bach-Suites	BWV806_05_Double_I.tsv
5	Bach-Suites	BWV806_06_Double_II.tsv
6	Bach-Suites	BWV806_07_Sarabande.tsv
7	Bach-Suites	BWV806_08_Bourée_I.tsv
8	Bach-Suites	BWV806_09_Bourée_II.tsv
9	Bach-Suites	BWV806_10_Gigue.tsv
10	Bach-Suites	BWV807_01_Prélude.tsv
11	Bach-Suites	BWV807_02_Allemande.tsv
12	Bach-Suites	BWV807_03_Courante.tsv
13	Bach-Suites	BWV807_04a_Agréments_de_la_Sarabande.tsv
14	Bach-Suites	BWV807_04_Sarabande.tsv
15	Bach-Suites	BWV807_05_Bourrée_I.tsv
16	Bach-Suites	BWV807_06_Bourrée_II.tsv
17	Bach-Suites	BWV807_07_Gigue.tsv
18	Bach-Suites	BWV808_01_Prélude.tsv
19	Bach-Suites	BWV808_02_Allemande.tsv
20	Bach-Suites	BWV808_03_Courante.tsv
21	Bach-Suites	BWV808_04a_Agréments_de_la_Sarabande.tsv
22	Bach-Suites	BWV808_04_Sarabande.tsv
23	Bach-Suites	BWV808_05_Gavotte_I.tsv
24	Bach-Suites	BWV808_06_Gavotte_II.tsv
25	Bach-Suites	BWV808_07_Gigue.tsv
26	Bach-Suites	BWV809_01_Prélude.tsv
27	Bach-Suites	BWV809_02_Allemande.tsv
28	Bach-Suites	BWV809_03_Courante.tsv
29	Bach-Suites	BWV809_04_Sarabande.tsv
30	Bach-Suites	BWV809_05_Menuett_I.tsv
31	Bach-Suites	BWV809_06_Menuett_II.tsv
32	Bach-Suites	BWV809_07_Gigue.tsv
33	Bach-Suites	BWV810_01_Prélude.tsv
34	Bach-Suites	BWV810_02_Allemande.tsv
35	Bach-Suites	BWV810_03_Courante.tsv
36	Bach-Suites	BWV810_04_Sarabande.tsv
37	Bach-Suites	BWV810_05_Passepied_I.tsv
38	Bach-Suites	BWV810_06_Passepied_II.tsv
39	Bach-Suites	BWV810_07_Gigue.tsv
40	Bach-Suites	BWV811_01_Prélude.tsv
41	Bach-Suites	BWV811_02_Allemande.tsv
42	Bach-Suites	BWV811_03_Courante.tsv
43	Bach-Suites	BWV811_04_Sarabande.tsv
44	Bach-Suites	BWV811_05_Double.tsv
45	Bach-Suites	BWV811_06_Gavotte_I.tsv
46	Bach-Suites	BWV811_07_Gavotte_II.tsv
47	Bach-Suites	BWV811_08_Gigue.tsv
48	Bach-Suites	BWV812_01_Allemande.tsv
49	Bach-Suites	BWV812_02_Courante.tsv
50	Bach-Suites	BWV812_03_Sarabande.tsv
51	Bach-Suites	BWV812_04_Menuett_I.tsv
52	Bach-Suites	BWV812_05_Menuett_II.tsv
53	Bach-Suites	BWV812_06_Gigue.tsv
54	Bach-Suites	BWV813_01_Allemande.tsv
55	Bach-Suites	BWV813_02_Courante.tsv
56	Bach-Suites	BWV813_03_Sarabande.tsv
57	Bach-Suites	BWV813_04_Air.tsv
58	Bach-Suites	BWV813_05_Menuett.tsv
59	Bach-Suites	BWV813_06_Gigue.tsv
60	Bach-Suites	BWV814_01_Allemande.tsv
61	Bach-Suites	BWV814_02_Courante.tsv
62	Bach-Suites	BWV814_03_Sarabande.tsv
63	Bach-Suites	BWV814_04_Gavotte.tsv
64	Bach-Suites	BWV814_05_Menuett.tsv
65	Bach-Suites	BWV814_06_Trio.tsv
66	Bach-Suites	BWV814_07_Gigue.tsv
67	Bach-Suites	BWV815_01_Allemande.tsv
68	Bach-Suites	BWV815_02_Courante.tsv
69	Bach-Suites	BWV815_03_Sarabande.tsv
70	Bach-Suites	BWV815_04_Gavotte.tsv
71	Bach-Suites	BWV815_05_Air.tsv
72	Bach-Suites	BWV815_06_Menuett.tsv
73	Bach-Suites	BWV815_07_Gigue.tsv
74	Bach-Suites	BWV816_01_Allemande.tsv
75	Bach-Suites	BWV816_02_Courante.tsv
76	Bach-Suites	BWV816_03_Sarabande.tsv
77	Bach-Suites	BWV816_04_Gavotte.tsv
78	Bach-Suites	BWV816_05_Bourrée.tsv
79	Bach-Suites	BWV816_06_Loure.tsv
80	Bach-Suites	BWV816_07_Gigue.tsv
81	Bach-Suites	BWV817_01_Allemande.tsv
82	Bach-Suites	BWV817_02_Courante.tsv
83	Bach-Suites	BWV817_03_Sarabande.tsv
84	Bach-Suites	BWV817_04_Gavotte.tsv
85	Bach-Suites	BWV817_05_Polonaise.tsv
86	Bach-Suites	BWV817_06_Bourrée.tsv
87	Bach-Suites	BWV817_07_Gigue.tsv
88	Bach-Suites	BWV817_08_Menuett.tsv
89	Beethoven-Sonatas	01-1.tsv
90	Beethoven-Sonatas	01-2.tsv
91	Beethoven-Sonatas	01-3.tsv
92	Beethoven-Sonatas	01-4.tsv
93	Beethoven-Sonatas	03-1.tsv
94	Beethoven-Sonatas	03-2.tsv
95	Beethoven-Sonatas	03-3.tsv
96	Beethoven-Sonatas	03-4.tsv
97	Beethoven-Sonatas	05-1.tsv
98	Beethoven-Sonatas	05-2.tsv
99	Beethoven-Sonatas	05-3.tsv
100	Beethoven-Sonatas	06-1.tsv
101	Beethoven-Sonatas	06-2.tsv
102	Beethoven-Sonatas	06-3.tsv
103	Beethoven-Sonatas	07-1.tsv
104	Beethoven-Sonatas	07-2.tsv
105	Beethoven-Sonatas	07-3.tsv
106	Beethoven-Sonatas	07-4.tsv
107	Beethoven-Sonatas	08-1.tsv
108	Beethoven-Sonatas	08-2.tsv
109	Beethoven-Sonatas	08-3.tsv
110	Beethoven-Sonatas	09-1.tsv
111	Beethoven-Sonatas	09-2.tsv
112	Beethoven-Sonatas	09-3.tsv
113	Beethoven-Sonatas	10-1.tsv
114	Beethoven-Sonatas	10-2.tsv
115	Beethoven-Sonatas	10-3.tsv
116	Beethoven-Sonatas	16-1.tsv
117	Beethoven-Sonatas	16-2.tsv
118	Beethoven-Sonatas	16-3.tsv
119	Beethoven-Sonatas	17-1.tsv
120	Beethoven-Sonatas	17-2.tsv
121	Beethoven-Sonatas	17-3.tsv
122	Beethoven-Sonatas	18-1.tsv
123	Beethoven-Sonatas	18-2.tsv
124	Beethoven-Sonatas	18-3.tsv
125	Beethoven-Sonatas	18-4.tsv
126	Beethoven-Sonatas	19-1_DG.tsv
127	Beethoven-Sonatas	19-1_GOW.tsv
128	Beethoven-Sonatas	19-2_DG.tsv
129	Beethoven-Sonatas	19-2_GOW.tsv
130	Beethoven-Sonatas	20-1.tsv
131	Beethoven-Sonatas	20-2.tsv
132	Beethoven-Sonatas	21-1.tsv
133	Beethoven-Sonatas	21-2.tsv
134	Beethoven-Sonatas	21-3.tsv
135	Beethoven-Sonatas	23-1.tsv
136	Beethoven-Sonatas	23-2.tsv
137	Beethoven-Sonatas	23-3.tsv
138	Beethoven-Sonatas	24-1.tsv
139	Beethoven-Sonatas	24-2.tsv
140	Beethoven-Sonatas	26-1.tsv
141	Beethoven-Sonatas	26-2.tsv
142	Beethoven-Sonatas	26-3.tsv
143	Beethoven-Sonatas	30-1.tsv
144	Beethoven-Sonatas	30-2.tsv
145	Beethoven-Sonatas	30-3.tsv
146	Beethoven-Sonatas	31-1.tsv
147	Beethoven-Sonatas	31-2.tsv
148	Beethoven-Sonatas	31-3.tsv
149	Beethoven-Sonatas	32-1.tsv
150	Beethoven-Sonatas	32-2.tsv
151	Chopin-Mazurkas	BI105-2op30-2.tsv
152	Chopin-Mazurkas	BI105-3op30-3.tsv
153	Chopin-Mazurkas	BI105-4op30-4.tsv
154	Chopin-Mazurkas	BI115-1op33-1.tsv
155	Chopin-Mazurkas	BI115-2op33-2.tsv
156	Chopin-Mazurkas	BI115-3op33-3.tsv
157	Chopin-Mazurkas	BI115-4op33-4.tsv
158	Chopin-Mazurkas	BI122op41-2.tsv
159	Chopin-Mazurkas	BI126-1op41-4.tsv
160	Chopin-Mazurkas	BI126-3op41-1.tsv
161	Chopin-Mazurkas	BI126-4op41-3.tsv
162	Chopin-Mazurkas	BI134.tsv
163	Chopin-Mazurkas	BI140.tsv
164	Chopin-Mazurkas	BI145-1op50-1.tsv
165	Chopin-Mazurkas	BI145-2op50-2.tsv
166	Chopin-Mazurkas	BI145-3op50-3.tsv
167	Chopin-Mazurkas	BI153-1op56-1.tsv
168	Chopin-Mazurkas	BI153-2op56-2.tsv
169	Chopin-Mazurkas	BI153-3op56-3.tsv
170	Chopin-Mazurkas	BI157-1op59-1.tsv
171	Chopin-Mazurkas	BI157-2op59-2.tsv
172	Chopin-Mazurkas	BI157-3op59-3.tsv
173	Chopin-Mazurkas	BI162-1op63-1.tsv
174	Chopin-Mazurkas	BI162-2op63-2.tsv
175	Chopin-Mazurkas	BI162-3op63-3.tsv
176	Chopin-Mazurkas	BI163op67-4.tsv
177	Chopin-Mazurkas	BI167op67-2.tsv
178	Chopin-Mazurkas	BI168op68-4.tsv
179	Chopin-Mazurkas	BI18op68-2.tsv
180	Chopin-Mazurkas	BI34op68-3.tsv
181	Chopin-Mazurkas	BI38op68-1.tsv
182	Chopin-Mazurkas	BI60-1op06-1.tsv
183	Chopin-Mazurkas	BI60-2op06-2.tsv
184	Chopin-Mazurkas	BI60-3op06-3.tsv
185	Chopin-Mazurkas	BI60-4op06-4.tsv
186	Chopin-Mazurkas	BI61-1op07-1.tsv
187	Chopin-Mazurkas	BI61-2op07-2.tsv
188	Chopin-Mazurkas	BI61-3op07-3.tsv
189	Chopin-Mazurkas	BI61-4op07-4.tsv
190	Chopin-Mazurkas	BI61-5op07-5.tsv
191	Chopin-Mazurkas	BI77-1op17-1.tsv
192	Chopin-Mazurkas	BI77-2op17-2.tsv
193	Chopin-Mazurkas	BI77-3op17-3.tsv
194	Chopin-Mazurkas	BI77-4op17-4.tsv
195	Chopin-Mazurkas	BI89-1op24-1.tsv
196	Chopin-Mazurkas	BI89-2op24-2.tsv
197	Chopin-Mazurkas	BI89-3op24-3.tsv
198	Chopin-Mazurkas	BI89-4op24-4.tsv
199	Chopin-Mazurkas	BI93-1op67-1.tsv
200	Chopin-Mazurkas	BI93-2op67-3.tsv
201	Corelli-Sonatas	op01n01a.tsv
202	Corelli-Sonatas	op01n01b.tsv
203	Corelli-Sonatas	op01n01c.tsv
204	Corelli-Sonatas	op01n01d.tsv
205	Corelli-Sonatas	op01n02a.tsv
206	Corelli-Sonatas	op01n02b.tsv
207	Corelli-Sonatas	op01n02c.tsv
208	Corelli-Sonatas	op01n02d.tsv
209	Corelli-Sonatas	op01n03a.tsv
210	Corelli-Sonatas	op01n03b.tsv
211	Corelli-Sonatas	op01n03c.tsv
212	Corelli-Sonatas	op01n03d.tsv
213	Corelli-Sonatas	op01n04a.tsv
214	Corelli-Sonatas	op01n04b.tsv
215	Corelli-Sonatas	op01n04c.tsv
216	Corelli-Sonatas	op01n04d.tsv
217	Corelli-Sonatas	op01n05a.tsv
218	Corelli-Sonatas	op01n05b.tsv
219	Corelli-Sonatas	op01n05c.tsv
220	Corelli-Sonatas	op01n05d.tsv
221	Corelli-Sonatas	op01n06a.tsv
222	Corelli-Sonatas	op01n06b.tsv
223	Corelli-Sonatas	op01n06c.tsv
224	Corelli-Sonatas	op01n06d.tsv
225	Corelli-Sonatas	op03n01a.tsv
226	Corelli-Sonatas	op03n01b.tsv
227	Corelli-Sonatas	op03n01c.tsv
228	Corelli-Sonatas	op03n01d.tsv
229	Corelli-Sonatas	op03n02a.tsv
230	Corelli-Sonatas	op03n02b.tsv
231	Corelli-Sonatas	op03n02c.tsv
232	Corelli-Sonatas	op03n02d.tsv
233	Corelli-Sonatas	op03n03a.tsv
234	Corelli-Sonatas	op03n03b.tsv
235	Corelli-Sonatas	op03n03c.tsv
236	Corelli-Sonatas	op03n03d.tsv
237	Corelli-Sonatas	op03n05a.tsv
238	Corelli-Sonatas	op04n01a.tsv
239	Corelli-Sonatas	op04n01b.tsv
240	Corelli-Sonatas	op04n01c.tsv
241	Corelli-Sonatas	op04n01d.tsv
242	Corelli-Sonatas	op04n02a.tsv
243	Corelli-Sonatas	op04n02b.tsv
244	Corelli-Sonatas	op04n02c.tsv
245	Corelli-Sonatas	op04n02d.tsv
246	Corelli-Sonatas	op04n03a.tsv
247	Corelli-Sonatas	op04n03b.tsv
248	Corelli-Sonatas	op04n03c.tsv
249	Corelli-Sonatas	op04n03d.tsv
250	Corelli-Sonatas	op04n04a.tsv
251	Corelli-Sonatas	op04n04b.tsv
252	Corelli-Sonatas	op04n04c.tsv
253	Corelli-Sonatas	op04n04d.tsv
254	Couperin-concerts_royaux	c01n01_prelude.tsv
255	Couperin-concerts_royaux	c01n02_allemande.tsv
256	Couperin-concerts_royaux	c01n03_sarabande.tsv
257	Couperin-concerts_royaux	c01n04_gavotte.tsv
258	Couperin-concerts_royaux	c01n05_gigue.tsv
259	Couperin-concerts_royaux	c01n06_menuet_en_trio.tsv
260	Couperin-concerts_royaux	c02n01_prelude.tsv
261	Couperin-concerts_royaux	c02n02_allemande_fuguee.tsv
262	Couperin-concerts_royaux	c02n03_air_tendre.tsv
263	Couperin-concerts_royaux	c02n04_air_contrefugue.tsv
264	Couperin-concerts_royaux	c02n05_echos.tsv
265	Couperin-concerts_royaux	c03n01_prelude.tsv
266	Couperin-concerts_royaux	c03n02_allemande.tsv
267	Couperin-concerts_royaux	c03n03_courante.tsv
268	Couperin-concerts_royaux	c03n04_sarabande_grave.tsv
269	Couperin-concerts_royaux	c03n05_gavotte.tsv
270	Couperin-concerts_royaux	c03n06_musette_1.tsv
271	Couperin-concerts_royaux	c03n07_musette_2.tsv
272	Couperin-concerts_royaux	c03n08_chaconne_legere.tsv
273	Couperin-concerts_royaux	c04n01_prelude.tsv
274	Couperin-concerts_royaux	c04n02_allemande.tsv
275	Couperin-concerts_royaux	c04n03_courante_francoise.tsv
276	Couperin-concerts_royaux	c04n04_courante_a_litalienne.tsv
277	Couperin-concerts_royaux	c04n05_sarabande.tsv
278	Couperin-concerts_royaux	c04n06_rigaudon.tsv
279	Couperin-concerts_royaux	c04n07_forlane.tsv
280	Couperin-gouts_reunis	c05n01_prelude.tsv
281	Couperin-gouts_reunis	c05n02_allemande.tsv
282	Couperin-gouts_reunis	c05n03_sarabande.tsv
283	Couperin-gouts_reunis	c05n04_gavote.tsv
284	Couperin-gouts_reunis	c05n05_musete.tsv
285	Couperin-gouts_reunis	c06n01_grave.tsv
286	Couperin-gouts_reunis	c06n02_allemande.tsv
287	Couperin-gouts_reunis	c06n03_sarabande.tsv
288	Couperin-gouts_reunis	c06n04_air_diable.tsv
289	Couperin-gouts_reunis	c06n05_siciliene.tsv
290	Couperin-gouts_reunis	c07n01_grave.tsv
291	Couperin-gouts_reunis	c07n02_allemande.tsv
292	Couperin-gouts_reunis	c07n03_sarabande.tsv
293	Couperin-gouts_reunis	c07n04_fuguete.tsv
294	Couperin-gouts_reunis	c07n05_gavote.tsv
295	Couperin-gouts_reunis	c07n06_siciliene.tsv
296	Couperin-gouts_reunis	c08n01_ouverture.tsv
297	Couperin-gouts_reunis	c08n02_ritournele.tsv
298	Couperin-gouts_reunis	c08n03_air.tsv
299	Couperin-gouts_reunis	c08n04_air_tendre.tsv
300	Couperin-gouts_reunis	c08n05_air_leger.tsv
301	Couperin-gouts_reunis	c08n06_Loure.tsv
302	Couperin-gouts_reunis	c08n07_air.tsv
303	Couperin-gouts_reunis	c08n08_sarabande.tsv
304	Couperin-gouts_reunis	c08n09_air_leger.tsv
305	Couperin-gouts_reunis	c08n10_air_lentement.tsv
306	Couperin-gouts_reunis	c08n11_air_baccantes.tsv
307	Couperin-gouts_reunis	c09n01_charme.tsv
308	Couperin-gouts_reunis	c09n02_lenjouement.tsv
309	Couperin-gouts_reunis	c09n03_graces.tsv
310	Couperin-gouts_reunis	c09n04_Lejene.tsv
311	Couperin-gouts_reunis	c09n05_vivacite.tsv
312	Couperin-gouts_reunis	c09n06_Sarabande.tsv
313	Couperin-gouts_reunis	c09n07_douceur.tsv
314	Couperin-gouts_reunis	c09n08_caetera.tsv
315	Couperin-gouts_reunis	c10n01_gravement.tsv
316	Couperin-gouts_reunis	c10n02_air.tsv
317	Couperin-gouts_reunis	c10n03_plainte.tsv
318	Couperin-gouts_reunis	c10n04_tromba.tsv
319	Couperin-gouts_reunis	c11n01_majestueusement.tsv
320	Couperin-gouts_reunis	c11n02_allemande.tsv
321	Couperin-gouts_reunis	c11n03_seconde_allemande.tsv
322	Couperin-gouts_reunis	c11n04_courante.tsv
323	Couperin-gouts_reunis	c11n05_seconde_courante.tsv
324	Couperin-gouts_reunis	c11n06_sarabande.tsv
325	Couperin-gouts_reunis	c11n07_gigue.tsv
326	Couperin-gouts_reunis	c11n08_Rondeau.tsv
327	Couperin-gouts_reunis	c14n01_gravement.tsv
328	Couperin-gouts_reunis	c14n02_allemande.tsv
329	Couperin-gouts_reunis	c14n03_sarabande.tsv
330	Couperin-gouts_reunis	c14n04_fuguete.tsv
331	Couperin-gouts_reunis	parnasse_01.tsv
332	Couperin-gouts_reunis	parnasse_02.tsv
333	Couperin-gouts_reunis	parnasse_03.tsv
334	Couperin-gouts_reunis	parnasse_04.tsv
335	Couperin-gouts_reunis	parnasse_05.tsv
336	Couperin-gouts_reunis	parnasse_06.tsv
337	Couperin-gouts_reunis	parnasse_07.tsv
338	Couperin-L'art_de_toucher	00_allemande.tsv
339	Couperin-L'art_de_toucher	01_premier_prélude_AN.tsv
340	Couperin-L'art_de_toucher	01_premier_prélude_JM.tsv
341	Couperin-L'art_de_toucher	02_second_prélude_AN.tsv
342	Couperin-L'art_de_toucher	02_second_prélude_JM.tsv
343	Couperin-L'art_de_toucher	03_troisième_prélude_AN.tsv
344	Couperin-L'art_de_toucher	03_troisième_prélude_JM.tsv
345	Couperin-L'art_de_toucher	04_quatrième_prélude_AN.tsv
346	Couperin-L'art_de_toucher	04_quatrième_prélude_JM.tsv
347	Couperin-L'art_de_toucher	05_cinquième_prélude.tsv
348	Couperin-L'art_de_toucher	06_sixième_prélude.tsv
349	Couperin-L'art_de_toucher	07_septième_prélude.tsv
350	Couperin-L'art_de_toucher	08_huitième_prélude.tsv
351	Debussy-Suite_bergamasque	Debussy_Suite_Bergamasque_1_Prelude.tsv
352	Debussy-Suite_bergamasque	Debussy_Suite_Bergamasque_2_Menuet.tsv
353	Debussy-Suite_bergamasque	Debussy_Suite_Bergamasque_3_Claire_de_Lune.tsv
354	Debussy-Suite_bergamasque	Debussy_Suite_Bergamasque_4_Passepied.tsv
355	Dvorak-Silhouettes	op08n01.tsv
356	Dvorak-Silhouettes	op08n02.tsv
357	Dvorak-Silhouettes	op08n03.tsv
358	Dvorak-Silhouettes	op08n04.tsv
359	Dvorak-Silhouettes	op08n05.tsv
360	Dvorak-Silhouettes	op08n06.tsv
361	Dvorak-Silhouettes	op08n07.tsv
362	Dvorak-Silhouettes	op08n08.tsv
363	Dvorak-Silhouettes	op08n09.tsv
364	Dvorak-Silhouettes	op08n10.tsv
365	Dvorak-Silhouettes	op08n11.tsv
366	Dvorak-Silhouettes	op08n12.tsv
367	Gesualdo-Libro_6	01_Se_la_mia_morte_brami_Gesualdo.tsv
368	Gesualdo-Libro_6	10_Io_pur_respiro_Gesualdo.tsv
369	Gesualdo-Libro_6	17_Gesualdo-jhf-Moro_Lasso.tsv
370	Grieg-Lyrical_Pieces	op12n01.tsv
371	Grieg-Lyrical_Pieces	op12n02.tsv
372	Grieg-Lyrical_Pieces	op12n03.tsv
373	Grieg-Lyrical_Pieces	op12n04.tsv
374	Grieg-Lyrical_Pieces	op12n05.tsv
375	Grieg-Lyrical_Pieces	op12n06.tsv
376	Grieg-Lyrical_Pieces	op12n07.tsv
377	Grieg-Lyrical_Pieces	op12n08.tsv
378	Grieg-Lyrical_Pieces	op38n01.tsv
379	Grieg-Lyrical_Pieces	op38n02.tsv
380	Grieg-Lyrical_Pieces	op38n03.tsv
381	Grieg-Lyrical_Pieces	op38n04.tsv
382	Grieg-Lyrical_Pieces	op38n05.tsv
383	Grieg-Lyrical_Pieces	op38n06.tsv
384	Grieg-Lyrical_Pieces	op38n07.tsv
385	Grieg-Lyrical_Pieces	op38n08.tsv
386	Grieg-Lyrical_Pieces	op43n01.tsv
387	Grieg-Lyrical_Pieces	op43n02.tsv
388	Grieg-Lyrical_Pieces	op43n03.tsv
389	Grieg-Lyrical_Pieces	op43n04.tsv
390	Grieg-Lyrical_Pieces	op43n05.tsv
391	Grieg-Lyrical_Pieces	op43n06.tsv
392	Grieg-Lyrical_Pieces	op47n01.tsv
393	Grieg-Lyrical_Pieces	op47n02.tsv
394	Grieg-Lyrical_Pieces	op47n03.tsv
395	Grieg-Lyrical_Pieces	op47n04.tsv
396	Grieg-Lyrical_Pieces	op47n05.tsv
397	Grieg-Lyrical_Pieces	op47n06.tsv
398	Grieg-Lyrical_Pieces	op47n07.tsv
399	Grieg-Lyrical_Pieces	op54n01.tsv
400	Grieg-Lyrical_Pieces	op54n02.tsv
401	Grieg-Lyrical_Pieces	op54n03.tsv
402	Grieg-Lyrical_Pieces	op54n04.tsv
403	Grieg-Lyrical_Pieces	op54n05.tsv
404	Grieg-Lyrical_Pieces	op54n06.tsv
405	Grieg-Lyrical_Pieces	op57n01.tsv
406	Grieg-Lyrical_Pieces	op57n02.tsv
407	Grieg-Lyrical_Pieces	op57n03.tsv
408	Grieg-Lyrical_Pieces	op57n04.tsv
409	Grieg-Lyrical_Pieces	op57n05.tsv
410	Grieg-Lyrical_Pieces	op57n06.tsv
411	Grieg-Lyrical_Pieces	op62n01.tsv
412	Grieg-Lyrical_Pieces	op62n02.tsv
413	Grieg-Lyrical_Pieces	op62n03.tsv
414	Grieg-Lyrical_Pieces	op62n04.tsv
415	Grieg-Lyrical_Pieces	op62n05.tsv
416	Grieg-Lyrical_Pieces	op62n06.tsv
417	Grieg-Lyrical_Pieces	op65n01.tsv
418	Grieg-Lyrical_Pieces	op65n02.tsv
419	Grieg-Lyrical_Pieces	op65n03.tsv
420	Grieg-Lyrical_Pieces	op65n04.tsv
421	Grieg-Lyrical_Pieces	op65n05.tsv
422	Grieg-Lyrical_Pieces	op65n06.tsv
423	Grieg-Lyrical_Pieces	op68n01.tsv
424	Grieg-Lyrical_Pieces	op68n02.tsv
425	Grieg-Lyrical_Pieces	op68n03.tsv
426	Grieg-Lyrical_Pieces	op68n04.tsv
427	Grieg-Lyrical_Pieces	op68n05.tsv
428	Grieg-Lyrical_Pieces	op68n06.tsv
429	Grieg-Lyrical_Pieces	op71n01.tsv
430	Grieg-Lyrical_Pieces	op71n02.tsv
431	Grieg-Lyrical_Pieces	op71n03.tsv
432	Grieg-Lyrical_Pieces	op71n04.tsv
433	Grieg-Lyrical_Pieces	op71n05.tsv
434	Grieg-Lyrical_Pieces	op71n06.tsv
435	Grieg-Lyrical_Pieces	op71n07.tsv
436	Kozeluh-Sonatas	09op08no1a.tsv
437	Kozeluh-Sonatas	09op08no1b.tsv
438	Kozeluh-Sonatas	10op08no2a.tsv
439	Kozeluh-Sonatas	10op08no2b.tsv
440	Kozeluh-Sonatas	10op08no2c.tsv
441	Kozeluh-Sonatas	11op10no1a.tsv
442	Kozeluh-Sonatas	14op13no2a.tsv
443	Kozeluh-Sonatas	14op13no2b.tsv
444	Kozeluh-Sonatas	14op13no2c.tsv
445	Kozeluh-Sonatas	15op13no3a.tsv
446	Kozeluh-Sonatas	15op13no3b.tsv
447	Kozeluh-Sonatas	15op13no3c.tsv
448	Kozeluh-Sonatas	16op15no1a.tsv
449	Kozeluh-Sonatas	16op15no1b.tsv
450	Kozeluh-Sonatas	17op15no2a.tsv
451	Kozeluh-Sonatas	17op15no2b.tsv
452	Kozeluh-Sonatas	17op15no2c.tsv
453	Kozeluh-Sonatas	19op17no1a.tsv
454	Kozeluh-Sonatas	19op17no1b.tsv
455	Kozeluh-Sonatas	19op17no1c.tsv
456	Kozeluh-Sonatas	20op17no2a.tsv
457	Kozeluh-Sonatas	20op17no2b.tsv
458	Kozeluh-Sonatas	20op17no2c.tsv
459	Kozeluh-Sonatas	21op17no3a.tsv
460	Kozeluh-Sonatas	21op17no3b.tsv
461	Kozeluh-Sonatas	22op20no1a.tsv
462	Kozeluh-Sonatas	22op20no1b.tsv
463	Kozeluh-Sonatas	22op20no1c.tsv
464	Kozeluh-Sonatas	23op20no2a.tsv
465	Kozeluh-Sonatas	23op20no2b.tsv
466	Kozeluh-Sonatas	23op20no2c.tsv
467	Kozeluh-Sonatas	24op20no3a.tsv
468	Kozeluh-Sonatas	24op20no3b.tsv
469	Kozeluh-Sonatas	24op20no3c.tsv
470	Kozeluh-Sonatas	25op26no1a.tsv
471	Kozeluh-Sonatas	25op26no1b.tsv
472	Kozeluh-Sonatas	25op26no1c.tsv
473	Kozeluh-Sonatas	26op26no2a.tsv
474	Kozeluh-Sonatas	26op26no2b.tsv
475	Kozeluh-Sonatas	27op26no3a.tsv
476	Kozeluh-Sonatas	27op26no3b.tsv
477	Kozeluh-Sonatas	27op26no3c.tsv
478	Kozeluh-Sonatas	28op30no1a.tsv
479	Kozeluh-Sonatas	28op30no1b.tsv
480	Kozeluh-Sonatas	28op30no1c.tsv
481	Kozeluh-Sonatas	29op30no2a.tsv
482	Kozeluh-Sonatas	29op30no2b.tsv
483	Kozeluh-Sonatas	29op30no2c.tsv
484	Liszt-Années	160.01_Chapelle_de_Guillaume_Tell.tsv
485	Liszt-Années	160.02_Au_Lac_de_Wallenstadt.tsv
486	Liszt-Années	160.03_Pastorale.tsv
487	Liszt-Années	160.04_Au_Bord_dUne_Source.tsv
488	Liszt-Années	160.05_Orage.tsv
489	Liszt-Années	160.06_Vallee_dObermann.tsv
490	Liszt-Années	160.07_Eglogue.tsv
491	Liszt-Années	160.08_Le_Mal_du_Pays_(Heimweh).tsv
492	Liszt-Années	160.09_Les_Cloches_de_Geneve_(Nocturne).tsv
493	Liszt-Années	161.01_Sposalizio.tsv
494	Liszt-Années	162.03_Tarantella_da_Guillaume_Louis_Cottrau._Presto_e_canzone_napolitana.tsv
495	Medtner-Tales	op08n01.tsv
496	Medtner-Tales	op14n01.tsv
497	Medtner-Tales	op26n01.tsv
498	Medtner-Tales	op26n02.tsv
499	Medtner-Tales	op26n03.tsv
500	Medtner-Tales	op26n04.tsv
501	Medtner-Tales	op34n01.tsv
502	Medtner-Tales	op34n02.tsv
503	Medtner-Tales	op34n03.tsv
504	Medtner-Tales	op34n04.tsv
505	Medtner-Tales	op35n01.tsv
506	Medtner-Tales	op35n02.tsv
507	Medtner-Tales	op35n03.tsv
508	Medtner-Tales	op35n04.tsv
509	Medtner-Tales	op42n01.tsv
510	Medtner-Tales	op42n02.tsv
511	Medtner-Tales	op42n03.tsv
512	Medtner-Tales	op48n01.tsv
513	Medtner-Tales	op48n02.tsv
514	Mendelssohn-String_Quartets	01op12a.tsv
515	Mendelssohn-String_Quartets	01op12b.tsv
516	Mendelssohn-String_Quartets	01op12c.tsv
517	Mendelssohn-String_Quartets	01op12d.tsv
518	Mendelssohn-String_Quartets	02op13a.tsv
519	Mendelssohn-String_Quartets	02op13b.tsv
520	Mendelssohn-String_Quartets	02op13c.tsv
521	Mendelssohn-String_Quartets	02op13d.tsv
522	Mendelssohn-String_Quartets	03op44,1a.tsv
523	Mendelssohn-String_Quartets	03op44,1b.tsv
524	Mendelssohn-String_Quartets	03op44,1c.tsv
525	Mendelssohn-String_Quartets	03op44,1d.tsv
526	Mendelssohn-String_Quartets	04op44,2a.tsv
527	Mendelssohn-String_Quartets	04op44,2b.tsv
528	Mendelssohn-String_Quartets	04op44,2c.tsv
529	Mendelssohn-String_Quartets	04op44,2d.tsv
530	Mendelssohn-String_Quartets	05op44,3a.tsv
531	Mendelssohn-String_Quartets	05op44,3b.tsv
532	Mendelssohn-String_Quartets	05op44,3c.tsv
533	Mendelssohn-String_Quartets	05op44,3d.tsv
534	Mendelssohn-String_Quartets	06op80a.tsv
535	Mendelssohn-String_Quartets	06op80b.tsv
536	Mendelssohn-String_Quartets	06op80c.tsv
537	Mendelssohn-String_Quartets	06op80d.tsv
538	Monteverdi-Madrigals	2-12.tsv
539	Monteverdi-Madrigals	3-09.tsv
540	Monteverdi-Madrigals	3-11.tsv
541	Monteverdi-Madrigals	4-19.tsv
542	Monteverdi-Madrigals	4-20.tsv
543	Monteverdi-Madrigals	5-01.tsv
544	Monteverdi-Madrigals	5-03.tsv
545	Monteverdi-Madrigals	5-04a.tsv
546	Monteverdi-Madrigals	5-04c.tsv
547	Monteverdi-Madrigals	5-04d.tsv
548	Monteverdi-Madrigals	5-04e.tsv
549	Monteverdi-Madrigals	5-05b.tsv
550	Monteverdi-Madrigals	5-05c.tsv
551	Monteverdi-Madrigals	5-06.tsv
552	Monteverdi-Madrigals	5-07.tsv
553	Monteverdi-Madrigals	5-08.tsv
554	Monteverdi-Madrigals	5-09.tsv
555	Monteverdi-Madrigals	5-10.tsv
556	Monteverdi-Madrigals	5-11.tsv
557	Monteverdi-Madrigals	5-14.tsv
558	Monteverdi-Madrigals	5-15.tsv
559	Monteverdi-Madrigals	5-17.tsv
560	Monteverdi-Madrigals	6-01a.tsv
561	Monteverdi-Madrigals	8-18.tsv
562	Monteverdi-Madrigals	8-19.tsv
563	Monteverdi-Madrigals	9-12.tsv
564	Monteverdi-Madrigals	laudate_pueri_dominum.tsv
565	Mozart-Sonatas	K279-1.tsv
566	Mozart-Sonatas	K279-2.tsv
567	Mozart-Sonatas	K279-3.tsv
568	Mozart-Sonatas	K280-1.tsv
569	Mozart-Sonatas	K280-2.tsv
570	Mozart-Sonatas	K280-3.tsv
571	Mozart-Sonatas	K281-1.tsv
572	Mozart-Sonatas	K281-2.tsv
573	Mozart-Sonatas	K281-3.tsv
574	Mozart-Sonatas	K282-1.tsv
575	Mozart-Sonatas	K282-2.tsv
576	Mozart-Sonatas	K282-3.tsv
577	Mozart-Sonatas	K283-1.tsv
578	Mozart-Sonatas	K283-2.tsv
579	Mozart-Sonatas	K283-3.tsv
580	Mozart-Sonatas	K284-1.tsv
581	Mozart-Sonatas	K284-2.tsv
582	Mozart-Sonatas	K284-3.tsv
583	Mozart-Sonatas	K309-1.tsv
584	Mozart-Sonatas	K309-2.tsv
585	Mozart-Sonatas	K309-3.tsv
586	Mozart-Sonatas	K310-1.tsv
587	Mozart-Sonatas	K310-2.tsv
588	Mozart-Sonatas	K310-3.tsv
589	Mozart-Sonatas	K311-1.tsv
590	Mozart-Sonatas	K311-2.tsv
591	Mozart-Sonatas	K311-3.tsv
592	Mozart-Sonatas	K330-1.tsv
593	Mozart-Sonatas	K330-2.tsv
594	Mozart-Sonatas	K330-3.tsv
595	Mozart-Sonatas	K331-1.tsv
596	Mozart-Sonatas	K331-2.tsv
597	Mozart-Sonatas	K331-3.tsv
598	Mozart-Sonatas	K332-1.tsv
599	Mozart-Sonatas	K332-2.tsv
600	Mozart-Sonatas	K332-3.tsv
601	Mozart-Sonatas	K333-1.tsv
602	Mozart-Sonatas	K333-2.tsv
603	Mozart-Sonatas	K333-3.tsv
604	Mozart-Sonatas	K457-1.tsv
605	Mozart-Sonatas	K457-2.tsv
606	Mozart-Sonatas	K457-3.tsv
607	Mozart-Sonatas	K533-1.tsv
608	Mozart-Sonatas	K533-2.tsv
609	Mozart-Sonatas	K533-3.tsv
610	Mozart-Sonatas	K545-1.tsv
611	Mozart-Sonatas	K545-2.tsv
612	Mozart-Sonatas	K545-3.tsv
613	Mozart-Sonatas	K570-1.tsv
614	Mozart-Sonatas	K570-2.tsv
615	Mozart-Sonatas	K570-3.tsv
616	Mozart-Sonatas	K576-1.tsv
617	Mozart-Sonatas	K576-2.tsv
618	Mozart-Sonatas	K576-3.tsv
619	Pleyel-Quartets	op2n1.tsv
620	Pleyel-Quartets	op2n3.tsv
621	Ravel	Ravel_-_Jeux_dEau.tsv
622	Ravel	Ravel_-_Miroirs_III._Une_Barque_sur_l'ocean.tsv
623	Ravel	Ravel_-_Miroirs_IV._Alborada_del_gracioso.tsv
624	Schubert-Winterreise	n01.tsv
625	Schubert-Winterreise	n02.tsv
626	Schubert-Winterreise	n03.tsv
627	Schubert-Winterreise	n04.tsv
628	Schubert-Winterreise	n05.tsv
629	Schubert-Winterreise	n06.tsv
630	Schubert-Winterreise	n07.tsv
631	Schubert-Winterreise	n08.tsv
632	Schubert-Winterreise	n09.tsv
633	Schubert-Winterreise	n10.tsv
634	Schubert-Winterreise	n11.tsv
635	Schubert-Winterreise	n12.tsv
636	Schubert-Winterreise	n13.tsv
637	Schubert-Winterreise	n14.tsv
638	Schubert-Winterreise	n15.tsv
639	Schubert-Winterreise	n16.tsv
640	Schubert-Winterreise	n17.tsv
641	Schubert-Winterreise	n18.tsv
642	Schubert-Winterreise	n19.tsv
643	Schubert-Winterreise	n20.tsv
644	Schubert-Winterreise	n21.tsv
645	Schubert-Winterreise	n22.tsv
646	Schubert-Winterreise	n23.tsv
647	Schubert-Winterreise	n24.tsv
648	Schumann-Kinderszenen	n01.tsv
649	Schumann-Kinderszenen	n02.tsv
650	Schumann-Kinderszenen	n03.tsv
651	Schumann-Kinderszenen	n04.tsv
652	Schumann-Kinderszenen	n05.tsv
653	Schumann-Kinderszenen	n06.tsv
654	Schumann-Kinderszenen	n07.tsv
655	Schumann-Kinderszenen	n08.tsv
656	Schumann-Kinderszenen	n09.tsv
657	Schumann-Kinderszenen	n10.tsv
658	Schumann-Kinderszenen	n11.tsv
659	Schumann-Kinderszenen	n12.tsv
660	Schumann-Kinderszenen	n13.tsv
661	Schumann-Liederkreis_op39	op39n01.tsv
662	Schumann-Liederkreis_op39	op39n02.tsv
663	Schumann-Liederkreis_op39	op39n03.tsv
664	Schumann-Liederkreis_op39	op39n04.tsv
665	Schumann-Liederkreis_op39	op39n05.tsv
666	Schumann-Liederkreis_op39	op39n06.tsv
667	Schumann-Liederkreis_op39	op39n07.tsv
668	Schumann-Liederkreis_op39	op39n08.tsv
669	Schumann-Liederkreis_op39	op39n09.tsv
670	Schumann-Liederkreis_op39	op39n10.tsv
671	Schumann-Liederkreis_op39	op39n11.tsv
672	Schumann-Liederkreis_op39	op39n12.tsv
673	Schütz - Kleine geistliche Konzerte	op08n01swv282_Eile_mich,_Gott,_zu_erretten.tsv
674	Schütz - Kleine geistliche Konzerte	op08n02swv283_Bringt_her_dem_Herren.tsv
675	Schütz - Kleine geistliche Konzerte	op08n03swv284_Ich_danke_dem_Herrn_von_ganzem_Herzen.tsv
676	Schütz - Kleine geistliche Konzerte	op08n04swv285_O_süsser,_o_freundlicher.tsv
677	Schütz - Kleine geistliche Konzerte	op08n05swv286_Der_Herr_ist_gross.tsv
678	Schütz - Kleine geistliche Konzerte	op08n06swv287_O_lieber_Herre_Gott.tsv
679	Schütz - Kleine geistliche Konzerte	op08n07swv288_Ihr_Heiligen,_lobsinget_dem_Herren.tsv
680	Schütz - Kleine geistliche Konzerte	op08n08swv289_Erhöre_mich,_wenn_ich_rufe.tsv
681	Schütz - Kleine geistliche Konzerte	op08n09swv290_Wohl_dem,_der_nicht_wandelt_im_Rat_der_Gottlosen.tsv
682	Schütz - Kleine geistliche Konzerte	op08n10swv291_Schaffe_in_mir,_Gott,_ein_reines_Herz.tsv
683	Schütz - Kleine geistliche Konzerte	op08n11swv292_Der_Herr_schauet_vom_Himmel_auf_der_Menschen_Kinder.tsv
684	Schütz - Kleine geistliche Konzerte	op08n12swv293_Lobet_den_Herren,_der_zu_Zion_wohnet.tsv
685	Schütz - Kleine geistliche Konzerte	op08n13swv294_Eins_bitte_ich_vom_Herren.tsv
686	Schütz - Kleine geistliche Konzerte	op08n14swv295_O_hilf,_Christe_Gottes_Sohn.tsv
687	Schütz - Kleine geistliche Konzerte	op08n15swv296_Fürchte_dich_nicht.tsv
688	Schütz - Kleine geistliche Konzerte	op08n16swv297_O_Herr_hilf.tsv
689	Schütz - Kleine geistliche Konzerte	op08n18swv299_Die_Gottseligkeit_ist_zu_allen_Dingen_nütz.tsv
690	Schütz - Kleine geistliche Konzerte	op08n19swv300_Himmel_und_Erde_vergehen.tsv
691	Schütz - Kleine geistliche Konzerte	op08n20swv301_Nun_komm_der_Heiden_Heiland.tsv
692	Schütz - Kleine geistliche Konzerte	op08n21swv302_Ein_Kind_ist_uns_geboren.tsv
693	Schütz - Kleine geistliche Konzerte	op08n22swv303_Wir_glauben_all_an_einen_Gott.tsv
694	Schütz - Kleine geistliche Konzerte	op08n23swv304_Siehe,_mein_Fürsprecher_im_Himmel.tsv
695	Schütz - Kleine geistliche Konzerte	op08n24swv305_Ich_hab_mein_Sach_Gott_heimgestellt.tsv
696	Schütz - Kleine geistliche Konzerte	op09n01swv306_Ich_will_den_Herren_loben_allezeit.tsv
697	Schütz - Kleine geistliche Konzerte	op09n02swv307_Was_hast_du_verwirket.tsv
698	Schütz - Kleine geistliche Konzerte	op09n03swv308_O_Jesu,_nomen_dulce.tsv
699	Schütz - Kleine geistliche Konzerte	op09n04swv309_O_misericordissime_Jesu.tsv
700	Schütz - Kleine geistliche Konzerte	op09n05swv310_Ich_liege_und_schlafe.tsv
701	Schütz - Kleine geistliche Konzerte	op09n06swv311_Habe_deine_Lust_an_dem_Herren.tsv
702	Schütz - Kleine geistliche Konzerte	op09n07swv312_Herr,_ich_hoffe_darauf.tsv
703	Schütz - Kleine geistliche Konzerte	op09n08swv313_Bone_Jesu,_verbum_Patris.tsv
704	Schütz - Kleine geistliche Konzerte	op09n09swv314_Verbum_caro_factum.tsv
705	Schütz - Kleine geistliche Konzerte	op09n10swv315_Hodie_Christus_natus_est.tsv
706	Schütz - Kleine geistliche Konzerte	op09n11swv316_Wann_unsre_Augen_schlafen_ein.tsv
707	Schütz - Kleine geistliche Konzerte	op09n12swv317_Meister,_wir_haben_die_ganze_Nacht_gearbeitet.tsv
708	Schütz - Kleine geistliche Konzerte	op09n13swv318_Die_Furcht_des_Herren.tsv
709	Schütz - Kleine geistliche Konzerte	op09n14swv319_Ich_beuge_meine_Knie_gegen_dem_Vater.tsv
710	Schütz - Kleine geistliche Konzerte	op09n15swv320_Ich_bin_jung_gewesen_und_bin_alt_worden.tsv
711	Schütz - Kleine geistliche Konzerte	op09n16swv321_Herr,_wenn_ich_nur_dich.tsv
712	Schütz - Kleine geistliche Konzerte	op09n17swv322_Rorate,_rorate_coeli.tsv
713	Schütz - Kleine geistliche Konzerte	op09n18swv323_Joseph,_du_Sohn_David.tsv
714	Schütz - Kleine geistliche Konzerte	op09n19swv324_Ich_bin_die_Auferstehung.tsv
715	Schütz - Kleine geistliche Konzerte	op09n20swv325_Die_Seele_Christi_heilige_mich.tsv
716	Schütz - Kleine geistliche Konzerte	op09n21swv326_Ich_ruf_zu_dir,_Herr_Jesu_Christ.tsv
717	Schütz - Kleine geistliche Konzerte	op09n22swv327_Allein_Gott_in_der_Höh.tsv
718	Schütz - Kleine geistliche Konzerte	op09n23swv328_Veni,_Sancte_Spiritus.tsv
719	Schütz - Kleine geistliche Konzerte	op09n24swv329_Ist_Gott_für_uns.tsv
720	Schütz - Kleine geistliche Konzerte	op09n25swv330_Wer_will_uns_scheiden_von_der_Liebe_Gottes.tsv
721	Schütz - Kleine geistliche Konzerte	op09n26swv331_Die_Stimm_des_Herren_gehet_auf_den_Wassern.tsv
722	Schütz - Kleine geistliche Konzerte	op09n27swv332_Jubilate_Deo_omnis_terra.tsv
723	Schütz - Kleine geistliche Konzerte	op09n28swv333_Sei_gegrüßet,_Maria.tsv
724	Schütz - Kleine geistliche Konzerte	op09n29swv334_Ave_Maria,_qualis_est.tsv
725	Schütz - Kleine geistliche Konzerte	op09n30swv335_Was_betrübst_du_dich,_meine_Seele.tsv
726	Schütz - Kleine geistliche Konzerte	op09n31swv336_Quemadmodum_desiderat_cervus.tsv
727	Schütz - Kleine geistliche Konzerte	op09n32swv337_Aufer_immensam.tsv
728	Sweelinck	SwWV258_fantasia_cromatica.tsv
729	Tchaikovsky-Seasons	op37a01.tsv
730	Tchaikovsky-Seasons	op37a02.tsv
731	Tchaikovsky-Seasons	op37a03.tsv
732	Tchaikovsky-Seasons	op37a04.tsv
733	Tchaikovsky-Seasons	op37a05.tsv
734	Tchaikovsky-Seasons	op37a06.tsv
735	Tchaikovsky-Seasons	op37a07.tsv
736	Tchaikovsky-Seasons	op37a08.tsv
737	Tchaikovsky-Seasons	op37a09.tsv
738	Tchaikovsky-Seasons	op37a10.tsv
739	Tchaikovsky-Seasons	op37a11.tsv
740	Tchaikovsky-Seasons	op37a12.tsv
741	Wagner	WWV090_Tristan_01_Vorspiel-Prelude_Ricordi1888Floridia.tsv
742	Wagner	WWV096-Meistersinger_01_Vorspiel-Prelude_SchottKleinmichel.tsv
743	WFBach-Sonatas	Bach_WF_F01_Sonata_C-Dur.tsv
744	WFBach-Sonatas	Bach_WF_F02_Sonate_C-Dur.tsv
745	WFBach-Sonatas	Bach_WF_F03_Sonate_D-Dur.tsv
746	WFBach-Sonatas	Bach_WF_F03_Sonate_D-Dur_01.tsv
747	WFBach-Sonatas	Bach_WF_F03_Sonate_D-Dur_02.tsv
748	WFBach-Sonatas	Bach_WF_F03_Sonate_D-Dur_03.tsv
